feature_name,feature_index,feature_group,mean,std,min,max,range,variance,mean_abs_temporal_delta,near_zero_percentage,health_status,notes,class_mean__cover_drive,class_std__cover_drive,class_mean__defensive_shot,class_std__defensive_shot,class_mean__pull_shot,class_std__pull_shot,class_mean__sweep_shot,class_std__sweep_shot
lead_elbow_angle,0,JOINT_ANGLE_FEATURES,122.83845234374205,29.728915644985353,8.802021026611328,178.17398071289062,169.3719596862793,883.8084254266548,11.348515740491576,0.0,healthy,,123.55747466246287,30.10491351337158,115.39335639556249,31.1996009494212,128.183210755984,29.30005668329407,124.21976756095886,26.657054263828606
trail_elbow_angle,1,JOINT_ANGLE_FEATURES,103.62294798076152,35.69460931851184,15.45258617401123,175.4967803955078,160.04419422149658,1274.1051344011921,12.010834484181162,0.0,healthy,,100.35045449972152,37.65552558863655,101.63097570419312,35.14344026134054,103.55891592025756,35.78735844204553,108.9514457988739,33.46059408244242
lead_knee_angle,2,JOINT_ANGLE_FEATURES,110.34480940739314,31.71506153526258,16.353113174438477,177.7473907470703,161.39427757263184,1005.8451281854922,9.455396511595128,0.0,healthy,,121.34369635264079,27.513715926851294,110.60123979568482,26.132014661910276,117.66772099177042,26.260250553432396,91.76658048947652,37.06853254232839
trail_knee_angle,3,JOINT_ANGLE_FEATURES,124.94336149205765,32.16442310879725,6.022727012634277,179.3509063720703,173.32817935943604,1034.5501139217308,11.396630266763395,0.0,healthy,,133.06090458869934,27.240266717132943,128.5200041913986,33.258098043499615,123.89154167175293,27.417116511467704,114.30099551637967,36.67854692013735
lead_shoulder_angle,4,JOINT_ANGLE_FEATURES,64.03954268654809,31.69879942611395,0.2641666829586029,167.6613311767578,167.3971644937992,1004.813885057002,10.38735524813755,0.0,healthy,,67.06030187060436,33.25959662654364,61.586523628681896,33.6230393475082,63.549441598852475,28.468579886662493,63.96190364805361,30.930526043012478
trail_shoulder_angle,5,JOINT_ANGLE_FEATURES,55.98898517126838,38.58514412752793,1.690631628036499,167.26730346679688,165.57667183876038,1488.813347342103,10.792797243696148,0.0,healthy,,53.44584950129191,38.83520517777473,54.872549712260565,39.95607861982448,54.809143779476486,34.77024251578646,60.828397692044575,40.113543080389746
lead_wrist_relative_x,6,JOINT_ANGLE_FEATURES,0.05537801349906355,0.42753343550314177,-1.724426507949829,1.3868424892425537,3.111268997192383,0.18278483847311908,0.08388893585510293,0.0,healthy,,0.15804459878730995,0.378761838984991,0.011408696050251214,0.4194171027695113,0.04633974112605453,0.4640348582321273,0.005719018032638511,0.4259323099521994
hip_rotation_angle,7,JOINT_ANGLE_FEATURES,6.231317288968906,22.154744368537237,-179.8918914794922,176.2031707763672,356.0950622558594,490.8326980352324,4.416836199156498,0.0,healthy,,10.62846890767881,18.782377883456732,5.854367217898059,10.90525480199586,1.6218227359590431,35.089615810059584,6.820610294339713,14.80795776586083
trunk_lean,8,POSTURE_ALIGNMENT_FEATURES,132.04097813812396,29.53731256149029,1.3744044303894043,179.8607177734375,178.4863133430481,872.452833355172,6.558962000578137,0.0,healthy,,139.57570342024167,28.22969313867243,128.45944485942522,23.470940014900005,131.70498568644126,38.587090805518415,128.42377858638764,23.879921848126745
head_over_base_offset,9,POSTURE_ALIGNMENT_FEATURES,0.11397297224473125,0.283518017524103,-1.3220254182815552,1.2527881860733032,2.5748136043548584,0.08038246626079758,0.058887775031071524,0.0,healthy,,0.18071381959853777,0.2741405939263933,0.12307805463429153,0.24254391233468725,0.15676671188545394,0.28588793538255486,-0.004666697139358197,0.2921873033896742
head_to_lead_knee_alignment,10,POSTURE_ALIGNMENT_FEATURES,0.08628649600844558,0.3384697392020374,-1.8208374977111816,1.9741569757461548,3.7949944734573364,0.1145617643554952,0.07846850757546313,0.0,healthy,,-0.00989453208330815,0.41532776743208655,0.18255351914679827,0.20164926655535925,0.14603182411689583,0.3904208928261324,0.02645517285339641,0.258827319644611
shoulder_hip_separation,11,POSTURE_ALIGNMENT_FEATURES,-6.231317288968906,22.154744368537237,-176.2031707763672,179.8918914794922,356.0950622558594,490.8326980352324,4.416836199156498,0.0,healthy,,-10.62846890767881,18.782377883456732,-5.854367217898059,10.90525480199586,-1.6218227359590431,35.089615810059584,-6.820610294339713,14.80795776586083
stance_width,12,POSTURE_ALIGNMENT_FEATURES,0.3659158403822221,0.2716059340496319,0.0044537014327943325,1.6480255126953125,1.6435718112625182,0.073769783410973,0.05714295337418631,0.0,healthy,,0.3609291931835469,0.28382449732205334,0.3688908844611918,0.250128981915112,0.4066176927629082,0.3086990388136476,0.32722559112124144,0.23124854700681588
body_center_offset_x,13,POSTURE_ALIGNMENT_FEATURES,0.02772934133864112,0.09992924660826,-0.4948935806751251,0.49754634499549866,0.9924399256706238,0.009985854327694443,0.021624038442395802,0.0,healthy,,0.016581434191951606,0.11227648922834267,0.03977966693452951,0.07627838664663432,0.05294101699854461,0.11011784558726415,0.0016152472295387574,0.08835165199193662
body_center_offset_y,14,POSTURE_ALIGNMENT_FEATURES,0.3052301249214118,0.1849981938515388,-0.4998561441898346,0.4999985098838806,0.9998546540737152,0.034224331728331524,0.03469672720983893,0.0,healthy,,0.35019703275659897,0.17028436310196166,0.28561577801126986,0.14209203760661346,0.29828769114955017,0.24943580890573624,0.28681999776822825,0.15065960675371642
upper_body_balance_offset,15,POSTURE_ALIGNMENT_FEATURES,0.05545868267728224,0.19985849321652,-0.9897871613502502,0.9950926899909973,1.9848798513412476,0.03994341731077777,0.043248076884791604,0.0,healthy,,0.03316286838390321,0.22455297845668534,0.07955933386905902,0.15255677329326864,0.10588203399708922,0.2202356911745283,0.0032304944590775147,0.17670330398387324
lead_wrist_velocity,16,MOTION_DYNAMICS_FEATURES,0.3494472210023863,0.4985027788696683,0.0,5.956300735473633,5.956300735473633,0.24850502054078144,0.2724049774824318,1.6666666666666667,healthy,,0.36781060190366893,0.48101641677543544,0.2858722898889876,0.43069166181105806,0.4465175005332761,0.6195131061818564,0.2975884916836124,0.42054790461019
trail_wrist_velocity,17,MOTION_DYNAMICS_FEATURES,0.3673362920503617,0.48977193135729213,0.0,5.642842769622803,5.642842769622803,0.23987654474545209,0.2830674525334547,1.6666666666666667,healthy,,0.45161032383563,0.612035835517721,0.3051958730077604,0.40181839648380746,0.4381254750385415,0.5558425258444475,0.274413496319515,0.29981674274008596
lead_elbow_velocity,18,MOTION_DYNAMICS_FEATURES,0.2198690190733032,0.2895378638732305,0.0,3.374467372894287,3.374467372894287,0.08383217461627335,0.16635846969606433,1.6666666666666667,healthy,,0.21645451583278677,0.2546851850022317,0.18580873417735955,0.2522204170253491,0.2841397626780478,0.3721236562618324,0.19307306360501875,0.24970479999154913
trail_elbow_velocity,19,MOTION_DYNAMICS_FEATURES,0.2439273352497427,0.3015440374519848,0.0,3.9415793418884277,3.9415793418884277,0.09092880652284402,0.19276041968607727,1.6666666666666667,healthy,,0.2865549794554924,0.3577606436155254,0.20726824302983005,0.2630159557178843,0.2881175709993113,0.3478575041017287,0.19376854751433711,0.19470651204697
body_center_velocity,20,MOTION_DYNAMICS_FEATURES,0.07010450891075379,0.1000117623045688,0.0,0.9997317790985107,0.9997317790985107,0.01000235259926557,0.05923241363034013,1.6666666666666667,healthy,,0.07703370006735592,0.10918905254406121,0.05794462654072655,0.07983270000813343,0.08460935820946663,0.12424357318684019,0.06083035082546606,0.07606023035767948
lead_wrist_acceleration,21,MOTION_DYNAMICS_FEATURES,0.25205150588932684,0.3863809328022511,0.0,4.450066089630127,4.450066089630127,0.14929022523313767,0.24874852611110018,1.6666666666666667,healthy,,0.29956650505936827,0.44758857405503516,0.22620654734487894,0.3509754544355674,0.28235607957036335,0.41269444873343075,0.2000768915826969,0.3110940805121209
hip_rotation_velocity,22,MOTION_DYNAMICS_FEATURES,4.214486821318193,13.893592310529082,0.0,178.4867401123047,178.4867401123047,193.03190729119282,4.219386653130123,1.6666666666666667,healthy,,4.918694098445315,15.763102051336448,1.6632455428005293,4.461624305186498,6.748813657115291,20.544377486215637,3.527193986911637,8.232544032431889
frame_motion_energy,23,MOTION_DYNAMICS_FEATURES,2.0467475544280993,2.0568775073942422,0.0,20.117963790893555,20.117963790893555,4.2307450804243505,1.1303306643188127,1.6666666666666667,healthy,,2.1712598357691117,2.1305679120549166,1.743573350633184,1.7191086155841313,2.463210277321438,2.5735488733483503,1.8089467539886634,1.5709118790786496
front_foot_commitment_signal,24,CRICKET_SPECIFIC_TEMPORAL_SIGNALS,0.12058055262126194,0.39593176927818013,-1.5703765153884888,1.6119297742843628,3.1823062896728516,0.15676196592375008,0.07734267727984412,0.0,healthy,,0.3209742931109698,0.46402789257466215,-0.010044034696717668,0.28468833071264,0.09404773661794025,0.4099838467923734,0.07734421545285537,0.32062122998460546
back_foot_loading_signal,25,CRICKET_SPECIFIC_TEMPORAL_SIGNALS,-0.3830847627897462,0.23616542391525133,-0.8092518448829651,0.7938811779022217,1.6031330227851868,0.05577410745307037,0.04638775811535952,0.0,healthy,,-0.4471424470640098,0.21268236375175353,-0.36579858945813615,0.18142525300203588,-0.395428983856303,0.3115649807964478,-0.32396903078053585,0.19956335838010963
weight_transfer_signal,26,CRICKET_SPECIFIC_TEMPORAL_SIGNALS,-0.0017557342028591922,0.04850405151452654,-0.911184549331665,0.5434567332267761,1.4546412825584412,0.002352643013323844,0.027417580755475728,1.6666666666666667,healthy,,-0.0026458920559737937,0.061498273238624813,-0.002005785646901283,0.023541292039896987,-0.0010765500244785168,0.06065989207307794,-0.0012947090840831758,0.03732547069631145
follow_through_height_signal,27,CRICKET_SPECIFIC_TEMPORAL_SIGNALS,-0.36466576543037565,0.3292481881756538,-1.0960723161697388,0.9539108872413635,2.0499832034111023,0.10840436941695074,0.06725571344520746,0.0,healthy,,-0.3082813844042054,0.40302934958911996,-0.399585646908381,0.2392609419633351,-0.3065735042685022,0.3848785109024258,-0.444222526140414,0.22738726658765868
follow_through_extension_signal,28,CRICKET_SPECIFIC_TEMPORAL_SIGNALS,1.0299636622533823,0.6423254995264233,0.05484766513109207,4.483428001403809,4.4285803362727165,0.4125820473418692,0.20092258264263302,0.0,healthy,,1.190074796328942,0.6853992239411006,0.8690242096843819,0.5678180038083772,1.1955022843182086,0.7376354208957853,0.8652533586819967,0.45602981419366684
lead_elbow_extension_signal,29,CRICKET_SPECIFIC_TEMPORAL_SIGNALS,0.6824358460182945,0.16516064243470707,0.04890011250972748,0.9898554682731628,0.9409553557634354,0.027278037809445158,0.06304730954185381,0.0,healthy,,0.6864304144307971,0.16724951968635435,0.6410742008934418,0.17333111627262662,0.7121289488921563,0.16277809173513647,0.6901098198567828,0.14809474632217431
bat_side_wrist_height_signal,30,CRICKET_SPECIFIC_TEMPORAL_SIGNALS,-0.35068493523842337,0.3029832388804327,-1.113572359085083,1.0347304344177246,2.1483027935028076,0.09179884304247736,0.07043514336933879,0.0,healthy,,-0.3083240501647136,0.3399556414739425,-0.3796988840563184,0.1910405525463031,-0.2978819756655139,0.3918658041435757,-0.4168348310671475,0.22753025679591887
stance_to_swing_progress_signal,31,CRICKET_SPECIFIC_TEMPORAL_SIGNALS,0.4999999995343387,0.2935271570389869,0.0,1.0,1.0,0.08615819191939009,0.01694915254237288,1.6666666666666667,healthy,,0.4999999995343387,0.2935271570389869,0.4999999995343387,0.2935271570389869,0.4999999995343387,0.2935271570389869,0.4999999995343387,0.2935271570389869
